slug,tier,filename,pages,text_status,pdf_present,text_present,status
101-option-trading-secrets-kenneth-r-trester,A,101 Option Trading Secrets - Kenneth.R.Trester.pdf,336,ok,True,True,needs_source_review
3-how-to-access-and-trade-the-world-s-biggest-market,A,3. How to Access and Trade the World's Biggest Market.pdf,315,ok,True,True,needs_source_review
a-complete-guide-to-technical-trading-tactics-2004,A,A_Complete_Guide_to_Technical_Trading_Tactics_2004_.pdf,287,ok,True,True,needs_source_review
a-short-course-in-technical-trading,A,A Short Course in Technical Trading.PDF,339,ok,True,True,needs_source_review
barry-rudd-stock-patterns-for-day-trading-and-swing-trading,A,Barry Rudd - Stock Patterns For Day Trading And Swing Trading.pdf,196,no_text,True,True,needs_source_review
bernstein-jake-the-compleat-day-trader-vol-i,A,"Bernstein, Jake - The Compleat Day Trader Vol I.pdf",242,no_text,True,True,needs_source_review
bernstein-jake-the-compleat-day-trader-vol-ii,A,"Bernstein, Jake - The Compleat Day Trader Vol II.pdf",260,no_text,True,True,needs_source_review
beyond-candlesticks-steve-nison,A,Beyond_Candlesticks__Steve_Nison_.pdf,276,ok,True,True,needs_source_review
bill-williams-new-trading-dimensions-how-to-profit-from-chaos-in-stocks-bonds-and-commodit,A,"Bill Williams - New Trading Dimensions - How To Profit From Chaos In Stocks, Bonds, And Commodities.pdf",102,ok,True,True,needs_source_review
bill-williams-trading-chaos,A,Bill Williams - Trading Chaos.pdf,251,no_text,True,True,needs_source_review
brett-steenbarger-psychology-of-trading,A,Brett Steenbarger - Psychology Of Trading.pdf,274,ok,True,True,needs_source_review
buy-and-hold-is-dead,A,Buy and Hold Is Dead.pdf,322,ok,True,True,needs_source_review
candlesticks-fibonacci-and-chart-pattern-trading-tools,A,Candlesticks Fibonacci and Chart Pattern Trading Tools.pdf,273,ok,True,True,needs_source_review
chande-kroll-the-new-technical-trader,A,Chande Kroll - The New Technical Trader.pdf,115,no_text,True,True,needs_source_review
come-into-my-trading-room-elder-alexander,A,Come Into My Trading Room - Elder Alexander.pdf,322,ok,True,True,needs_source_review
curtis-faith-way-of-the-turtle,A,Curtis Faith - Way of the Turtle.pdf,313,ok,True,True,needs_source_review
cynthia-kase-multi-dimensional-trading,A,Cynthia Kase - Multi-Dimensional Trading.pdf,3,no_text,True,True,needs_source_review
david-dreman-contrarian-investment-strategies-the-next-generation,A,David Dreman - Contrarian Investment Strategies - The Next Generation.pdf,478,no_text,True,True,needs_source_review
day-trading-the-currency-market,A,Day Trading the Currency Market.pdf,259,ok,True,True,needs_source_review
dean-lebaron-s-treasury-of-investment-wisdom-30-great-investing-minds-wiley,A,Dean Lebaron's Treasury Of Investment Wisdom 30 Great Investing Minds - Wiley.pdf,320,ok,True,True,needs_source_review
demark-tom-demark-on-day-trading-options,A,"DeMark,Tom - DeMark on day-trading options.pdf",364,no_text,True,True,needs_source_review
divorcing-the-dow-using-revolutionary-market-indicators-to-profit-from-the-stealth-boom-ah,A,Divorcing the Dow - Using Revolutionary Market Indicators to Profit From the Stealth Boom Ahead.pdf,273,ok,True,True,needs_source_review
elder-alexander-trading-for-a-living,A,Elder Alexander - Trading For A Living.pdf,312,no_text,True,True,needs_source_review
elliott-waves-principle,A,Elliott Waves Principle.pdf,111,ok,True,True,needs_source_review
fischer-robert-fibonacci-applications-and-strategies-for,A,"Fischer, Robert - Fibonacci Applications and Strategies for .pdf",93,no_text,True,True,needs_source_review
forex-misc-money-management-ryan-jones,A,Forex Misc - Money Management - Ryan Jones.pdf,115,ok,True,True,needs_source_review
gann-how-to-trade,A,Gann - How To Trade.pdf,5,no_text,True,True,needs_source_review
gann-w-d-new-stock-trend-detector,A,"Gann, W D  - New Stock Trend Detector.pdf",52,no_text,True,True,needs_source_review
gary-smith-how-i-trade-living,A,Gary Smith - How_i_trade_living.pdf,284,ok,True,True,needs_source_review
getting-an-investing-game-plan-creating-it-working-it-winning-it-wiley-2003,A,Getting An Investing Game Plan - Creating It Working It Winning It (Wiley - 2003).pdf,255,ok,True,True,needs_source_review
how-i-made-2-million-in-the-stock-market,A,How I Made 2 Million In The Stock Market.pdf,120,no_text,True,True,needs_source_review
hull-options-futures-and-other-derivative-securities-5th-ed,A,Hull-Options_ Futures And Other Derivative Securities_ 5Th Ed.pdf,756,no_text,True,True,needs_source_review
icwr-forex-trading-strategy,A,ICWR_Forex_Trading_Strategy.pdf,126,ok,True,True,needs_source_review
investmentpsychologyexplained,A,InvestmentPsychologyExplained.pdf,134,ok,True,True,needs_source_review
j-r-hill-g-pruitt-and-l-hill-the-ultimate-trading-guide,A,J R Hill G Pruitt And L Hill - The Ultimate Trading Guide.pdf,302,ok,True,True,needs_source_review
jack-schwager-guide-to-winning-with-automated-trading-systems-course-manual,A,Jack Schwager - Guide To Winning With Automated Trading Systems (Course Manual).pdf,95,no_text,True,True,needs_source_review
jake-bernstein-market-masters,A,Jake Bernstein - Market Masters.pdf,91,no_text,True,True,needs_source_review
jake-bernstein-trade-your-way-to-riches,A,Jake Bernstein - Trade Your Way To Riches.pdf,105,no_text,True,True,needs_source_review
jay-kaeppel-the-four-biggest-mistakes-in-futures-trading,A,Jay Kaeppel - The Four Biggest Mistakes In Futures Trading.pdf,123,ok,True,True,needs_source_review
jeff-cooper-intra-day-trading-strategies-proven-steps,A,"Jeff Cooper - Intra-Day Trading Strategies, Proven Steps.pdf",48,no_text,True,True,needs_source_review
joe-ross-trading-spreads-and-seasonals,A,Joe Ross - Trading Spreads And Seasonals.pdf,161,no_text,True,True,needs_source_review
joe-ross-trading-the-ross-hook,A,Joe Ross - Trading The Ross Hook.pdf,180,no_text,True,True,needs_source_review
john-bollinger-bollinger-on-bollinger-band,A,John Bollinger - Bollinger On Bollinger Band.pdf,264,ok,True,True,needs_source_review
john-j-murphy-charting-made-easy,A,John J Murphy - Charting Made Easy.pdf,82,ok,True,True,needs_source_review
john-mauldin-just-one-thing-twelve-of-the-world-s-best-investors-reveal-the-one-strategy-y,A,John Mauldin - Just_One_Thing_Twelve_Of_The_World_s_Best_Investors_Reveal_The_One_Strategy_You_Can_t_Overlook.pdf,273,ok,True,True,needs_source_review
john-piper-the-way-to-trade,A,John Piper - The Way To Trade.pdf,304,ok,True,True,needs_source_review
ken-wolff-2002-trading-on-momentum-advanced-techniques-for-high-percentage-day-trading,A,Ken Wolff - 2002 - Trading On Momentum Advanced Techniques For High Percentage Day Trading.pdf,288,ok,True,True,needs_source_review
kenneth-l-fisher-super-stocks,A,KENNETH L. FISHER - Super Stocks.pdf,289,ok,True,True,needs_source_review
kevin-hagerty-day-trading-course,A,Kevin Hagerty - Day Trading Course.pdf,66,no_text,True,True,needs_source_review
larry-williams-long-term-secrets-to-short-term-trading,A,Larry Williams - Long-Term Secrets To Short-Term Trading.pdf,254,ok,True,True,needs_source_review
larry-williams-the-secret-of-selecting-stocks-for-immediate-and-substantial-gains,A,Larry Williams - The Secret Of Selecting Stocks For Immediate And Substantial Gains.pdf,131,ok,True,True,needs_source_review
lawrence-g-mcmillan-profit-with-options,A,LAWRENCE G. McMILLAN - Profit With Options.pdf,286,ok,True,True,needs_source_review
leslie-n-masonson-all-about-market-timing,A,Leslie N Masonson - All About Market Timing.pdf,275,ok,True,True,needs_source_review
mark-b-fisher-the-logical-trader-applying-a-method-to-the-madness,A,"Mark B Fisher, - The Logical Trader. Applying A Method To The Madness.pdf",137,no_text,True,True,needs_source_review
marketneutralstrategies,A,Marketneutralstrategies.pdf,304,ok,True,True,needs_source_review
mathematicsmoneymanagement,A,MathematicsMoneyManagement.pdf,106,ok,True,True,needs_source_review
mcgraw-hill-the-options-edge-winning-the-volatility-game-with-options-on-futures,A,Mcgraw Hill - The Options Edge Winning The Volatility Game With Options On Futures.pdf,294,ok,True,True,needs_source_review
michael-covel-trend-following,A,Michael Covel - Trend Following.pdf,344,ok,True,True,needs_source_review
miner-robert-high-probability-trading-strategies-entry-to-exit-tactics-for-the-forex-futur,A,"Miner Robert - High Probability Trading Strategies Entry to Exit Tactics for the Forex, Futures, and Stock Markets.pdf",290,ok,True,True,needs_source_review
money-management-report-van-tharp,A,Money Management Report - Van Tharp.pdf,70,ok,True,True,needs_source_review
new-concepts-in-technical-trading-systems-welles-wilder,A,New Concepts in Technical Trading Systems (Welles Wilder).pdf,0,no_text,True,False,needs_source_review
oliver-velez-swing-trading-tactics,A,Oliver Velez - Swing Trading Tactics.pdf,87,ok,True,True,needs_source_review
options-essential-concepts-and-trading-strategies-2nd-edition,A,"Options Essential Concepts and Trading Strategies, 2nd Edition.pdf",449,no_text,True,True,needs_source_review
paul-wilmott-quantitative-finance,A,Paul Wilmott-Quantitative Finance.pdf,72,no_text,True,True,needs_source_review
perry-kaufman-smarter-trading,A,Perry Kaufman - Smarter Trading.pdf,257,no_text,True,True,needs_source_review
phantom-of-the-20-pits,A,Phantom of the 20 Pits.pdf,110,ok,True,True,needs_source_review
r-g-hagstrom-the-warren-buffett-way-2nd-edition,A,R G Hagstrom - The Warren Buffett Way  2nd Edition.pdf,268,ok,True,True,needs_source_review
rubinstein-mark-rubinstein-on-derivatives,A,Rubinstein_ Mark - Rubinstein on Derivatives.pdf,498,no_text,True,True,needs_source_review
streetsmart-guide-to-valuing-a-stock,A,Streetsmart Guide To Valuing A Stock.pdf,290,ok,True,True,needs_source_review
study-guide-for-entries-and-exits-visits-to-16-trading-rooms,A,Study Guide for Entries and Exits Visits to 16 Trading Rooms.pdf,176,no_text,True,True,needs_source_review
taleb-nassim-fooled-by-randomness,A,Taleb___Nassim_-_Fooled_by_Randomness.pdf,110,no_text,True,True,needs_source_review
the-complete-turtletrader-the-legend-the-lessons-the-results,A,"The Complete TurtleTrader - The Legend, the Lessons, the Results.pdf",269,ok,True,True,needs_source_review
trading-bollinger-john-bollinger-bands-done,A,[Trading] Bollinger_ John - Bollinger Bands (Done).pdf,11,ok,True,True,needs_source_review
turtlerules,A,turtlerules.pdf,37,ok,True,True,needs_source_review
walter-bressert-intraday-timing-for-low-risk-swing-trading,A,Walter Bressert - Intraday Timing For Low Risk Swing Trading.pdf,20,no_text,True,True,needs_source_review
wyckoff-richard-d-the-day-trader-s-bible-or-my-secret-in-day-trading-of-stocks-2,A,"Wyckoff, Richard D  - The Day Trader's Bible - Or My Secret In Day Trading Of Stocks_2.pdf",116,ok,True,True,needs_source_review
wyser-pratte-guy-risk-arbitrage,A,"Wyser-Pratte, Guy - Risk Arbitrage.pdf",305,ok,True,True,needs_source_review
1-the-mathematics-of-financial-derivatives,B,1 The Mathematics Of Financial Derivatives.pdf,338,no_text,True,True,needs_source_review
10-bankrupt,B,10__bankrupt.pdf,4,ok,True,True,needs_source_review
10-minute-guide-to-investing-in-stocks,B,10 Minute Guide To Investing In Stocks.pdf,248,ok,True,True,needs_source_review
10keystosuccess,B,10KeystoSuccess.pdf,24,ok,True,True,needs_source_review
15-minutestf,B,15 MinutesTF.pdf,2,ok,True,True,needs_source_review
17-money-making-candle-formations,B,17 Money Making Candle Formations.pdf,20,ok,True,True,reconcile_skip:duplicate
1fta-forex-trading-course,B,1fta Forex Trading Course.pdf,58,ok,True,True,needs_source_review
241forex,B,241FOREX.pdf,21,ok,True,True,needs_source_review
25-rules-of-millionaire-traders,B,25_Rules_of_Millionaire_Traders.pdf,5,ok,True,True,needs_source_review
25-rules-of-trading,B,25 rules of trading.pdf,6,ok,True,True,needs_source_review
50-per-day-trading-forex,B,50_Per_Day_Trading_Forex.pdf,44,ok,True,True,needs_source_review
7-habits-of-a-higly-sucsessfull-trader,B,7 Habits Of A Higly Sucsessfull Trader.pdf,31,ok,True,True,needs_source_review
a-new-interprtation-of-information-rate-kelly,B,a-new-interprtation-of-information-rate-kelly.pdf,10,ok,True,True,needs_source_review
a-realistic-and-effective-strategy-for-using-candlestick-sri-0032,B,A Realistic And Effective Strategy For Using Candlestick - SRI-0032.pdf,11,ok,True,True,needs_source_review
algora-myths-of-the-free-market-2003-isbn0875862233,B,"Algora, Myths Of The Free Market [2003 Isbn0875862233].pdf",277,ok,True,True,needs_source_review
alma-miranda-math-and-money,B,Alma Miranda - Math and Money.pdf,21,ok,True,True,needs_source_review
amazing-forex-system,B,Amazing Forex System.pdf,48,ok,True,True,needs_source_review
andrews-pitchfork,B,Andrews Pitchfork.pdf,2,ok,True,True,needs_source_review
andrews-scott-understanding-gaps,B,"Andrews, Scott - Understanding Gaps.pdf",61,ok,True,True,needs_source_review
anshumana-and-kalay-can-splits-create-market-liquidity-theory-and-evidence,B,Anshumana And Kalay-Can Splits Create Market Liquidity - Theory And Evidence.pdf,43,ok,True,True,needs_source_review
appendix1,B,Appendix1.pdf,4,ok,True,True,needs_source_review
article-arbitrage-pricing-theory,B,article - Arbitrage Pricing Theory.pdf,11,ok,True,True,needs_source_review
article-market-neutral-investing-long-short-hedge-fund-strategies-joseph-g-nicholas-2000,B,Article - Market-Neutral Investing - Long-Short Hedge Fund Strategies_ Joseph G Nicholas_ 2000.pdf,5,ok,True,True,needs_source_review
asset-pricing-with-speculative-trading,B,Asset Pricing With Speculative Trading.pdf,40,ok,True,True,needs_source_review
asset-valuation-allocation-models,B,Asset Valuation Allocation Models.pdf,28,ok,True,True,needs_source_review
atrainer-method,B,Atrainer Method.pdf,3,ok,True,True,needs_source_review
aust-vs-int-l-equity-portfolio-journal,B,Aust Vs Int'l Equity Portfolio Journal.pdf,4,ok,True,True,needs_source_review
automated-forex-ea,B,Automated Forex EA.pdf,2,ok,True,True,needs_source_review
avoiding-mistakes-in-forex-trading-forextrader,B,Avoiding Mistakes In Forex Trading -Forextrader.pdf,2,ok,True,True,needs_source_review
back-to-basics-historical-option-pricing-revisited,B,Back To Basics -- Historical Option Pricing Revisited.pdf,10,ok,True,True,needs_source_review
barbara-star-hidden-divergence,B,Barbara Star - Hidden Divergence.pdf,5,ok,True,True,needs_source_review
basic-financial-strategies,B,Basic Financial Strategies.pdf,1,ok,True,True,needs_source_review
basic-guide-to-understanding-elliot-wave,B,Basic_Guide_To_Understanding_Elliot_Wave.pdf,6,ok,True,True,needs_source_review
bass-financial-mathematics-2003-lecture-notes-series,B,Bass_Financial Mathematics (2003)(Lecture Notes Series).pdf,64,ok,True,True,needs_source_review
batfink-daily-range-a,B,Batfink Daily Range (A).pdf,16,ok,True,True,needs_source_review
bella-method,B,Bella Method.pdf,2,ok,True,True,needs_source_review
bessembinder-and-venkataraman-does-an-electronic-stock-exchange-need-an-upstairs-market,B,Bessembinder And Venkataraman-Does An Electronic Stock Exchange Need An Upstairs Market.pdf,43,ok,True,True,needs_source_review
big-ben-breakout,B,Big_Ben_Breakout.pdf,4,ok,True,True,needs_source_review
big-profit-patterns-using-candlestick-signals-and-gaps-stephen-w-bigalow,B,Big Profit Patterns Using Candlestick Signals And Gaps - Stephen W  Bigalow.pdf,51,ok,True,True,needs_source_review
bill-poulos-the-truth-about-fibonacci-trading,B,Bill Poulos The Truth About Fibonacci Trading.pdf,22,ok,True,True,needs_source_review
bollinger-band,B,bollinger_band.pdf,5,no_text,True,True,needs_source_review
bollinger-bandit-trading-strategy,B,Bollinger_Bandit_Trading_Strategy.pdf,4,ok,True,True,needs_source_review
bonus-thoughts-on-trading,B,bonus_thoughts_on_trading.pdf,2,ok,True,True,needs_source_review
boot-camp-papers-2,B,Boot Camp Papers 2.pdf,149,ok,True,True,needs_source_review
borsellino-lewis-2001-trading-es-and-nq-futures-course,B,Borsellino Lewis 2001 - Trading Es And Nq Futures Course.pdf,45,ok,True,True,needs_source_review
breakup-0-1,B,Breakup 0.1.pdf,1,ok,True,True,needs_source_review
brooks-and-kim-the-individual-investor-and-the-weekend-effect-a-reexamination-with-intrada,B,Brooks And Kim-The Individual Investor And The Weekend Effect - A Reexamination With Intraday Dat.pdf,13,ok,True,True,needs_source_review
cai-discretionary-risk-matrix,B,CAI discretionary risk matrix.pdf,2,ok,True,True,needs_source_review
camarilla-levels,B,Camarilla_Levels.pdf,4,ok,True,True,needs_source_review
candlestick-and-pattern-1,B,Candlestick_And_Pattern_1.pdf,49,ok,True,True,needs_source_review
candlestick-charting-explained,B,Candlestick-Charting-Explained.pdf,28,ok,True,True,needs_source_review
cci-manual,B,cci_manual.pdf,29,ok,True,True,needs_source_review
chan-chockalingam-and-lai-overnight-information-and-intraday-trading-behavior-evidence-fro,B,"Chan, Chockalingam And Lai-Overnight Information And Intraday Trading Behavior - Evidence From Ny.pdf",15,ok,True,True,needs_source_review
channeltrading,B,ChannelTrading.pdf,3,ok,True,True,needs_source_review
chart-formations,B,chart_formations.pdf,12,ok,True,True,needs_source_review
chart-patterns-and-technical-indicators,B,Chart_Patterns_and_technical_indicators.pdf,41,ok,True,True,needs_source_review
chart-patterns-tutorial,B,Chart_Patterns_Tutorial.pdf,14,ok,True,True,needs_source_review
choosing-a-trading-system-that-actually-works,B,Choosing A Trading System That Actually Works.pdf,5,ok,True,True,needs_source_review
chordia-roll-and-subrahmanyam-commonality-in-liquidity,B,"Chordia, Roll And Subrahmanyam -Commonality In Liquidity.pdf",26,ok,True,True,needs_source_review
chordia-roll-and-subrahmanyam-market-liquidity-and-trading-activity,B,"Chordia, Roll And Subrahmanyam -Market Liquidity And Trading Activity.pdf",30,ok,True,True,needs_source_review
client-expectations,B,Client Expectations.pdf,1,ok,True,True,needs_source_review
commodity-futures-trading-for-beginners,B,Commodity_Futures_Trading_For_Beginners.pdf,30,ok,True,True,needs_source_review
competition-between-exchanges-euronext-versus-xetra,B,Competition Between Exchanges Euronext Versus Xetra.pdf,29,ok,True,True,needs_source_review
congestion-markets-estimating-a-breakout-target,B,Congestion_Markets_-_Estimating_a_Breakout_Target.pdf,6,ok,True,True,needs_source_review
coreconcepts-automatedtrading,B,coreconcepts_automatedtrading.pdf,5,ok,True,True,needs_source_review
cornflower,B,Cornflower.pdf,2,ok,True,True,needs_source_review
cot,B,COT.pdf,5,ok,True,True,needs_source_review
credit-derivatives,B,Credit Derivatives.pdf,146,ok,True,True,needs_source_review
credit-risk-modeling-and-valuation-an-introduction,B,Credit Risk Modeling and Valuation_An Introduction.pdf,40,ok,True,True,needs_source_review
currency-trader0205,B,Currency_Trader0205.pdf,52,ok,True,True,needs_source_review
cutlosses,B,CutLosses.pdf,6,ok,True,True,needs_source_review
daily-open-sr-technique,B,Daily Open-SR Technique.pdf,3,ok,True,True,needs_source_review
david-c-stendahl-money-management-strategies-for-serious-traders,B,David C  Stendahl - Money Management Strategies For Serious Traders.pdf,46,ok,True,True,needs_source_review
daytrading-university-advanced-daytrading-two-day-seminar,B,Daytrading University - Advanced Daytrading Two-Day Seminar.pdf,31,ok,True,True,needs_source_review
daytrading-university-trading-course,B,Daytrading University Trading Course.pdf,0,no_text,True,False,needs_source_review
de-matos-and-fernandes-testing-the-markov-property-with-ultra-high-frequency-financial-dat,B,De Matos And Fernandes-Testing The Markov Property With Ultra-High Frequency Financial Data.pdf,24,ok,True,True,needs_source_review
demarchi-and-foucault-equity-trading-systems-in-europe-a-survey-of-recent-changes,B,Demarchi And Foucault-Equity Trading Systems In Europe - A Survey Of Recent Changes.pdf,54,ok,True,True,needs_source_review
derivatives-pricing-and-financial-modelling,B,Derivatives Pricing and Financial Modelling.pdf,3,ok,True,True,needs_source_review
deutsche-bank-asset-valuation-allocation-models-2001,B,Deutsche Bank - Asset Valuation Allocation Models 2001.pdf,28,ok,True,True,needs_source_review
divergence,B,Divergence.pdf,13,ok,True,True,needs_source_review
divergence-system,B,Divergence System.pdf,44,ok,True,True,needs_source_review
doestawork,B,DoesTAWork.pdf,3,ok,True,True,needs_source_review
donald-coxe-the-new-reality-of-wall-street,B,Donald Coxe - The New Reality Of Wall Street.pdf,290,ok,True,True,needs_source_review
doubletopsandbottoms,B,DoubleTopsAndBottoms.pdf,3,ok,True,True,needs_source_review
douglas-hubbard-the-failure-of-risk-management,B,Douglas Hubbard - The Failure of Risk Management.pdf,300,ok,True,True,needs_source_review
dow,B,Dow.pdf,27,ok,True,True,needs_source_review
e123system,B,E123system.pdf,24,ok,True,True,needs_source_review
ebook-finance-trading-ebook-stock-trading-system-sl4-confidential-proprietary,B,(eBook) - Finance - Trading ebook] Stock_Trading_System_SL4_Confidential_Proprietary.pdf,4,ok,True,True,needs_source_review
economics-how-the-stock-market-works,B,Economics - How The Stock Market Works.pdf,15,ok,True,True,needs_source_review
eday-trading-in-mind,B,Eday - Trading In Mind.pdf,17,ok,True,True,reconcile_skip:duplicate
edward-dobson-understanding-spreads,B,Edward Dobson - Understanding Spreads.pdf,42,ok,True,True,needs_source_review
electronic-trading-systems-in-europe-and-development-potentialities-for-russia,B,Electronic Trading Systems In Europe And Development Potentialities For Russia.pdf,29,ok,True,True,needs_source_review
eleswarapu-and-venkataraman-the-impact-of-legal-and-political-institutions-on-equity-tradi,B,Eleswarapu And Venkataraman-The Impact Of Legal And Political Institutions On Equity Trading Cost.pdf,26,ok,True,True,needs_source_review
eleswarapu-thompson-and-venkataraman-the-impact-of-regulation-fair-disclosure-trading-cost,B,"Eleswarapu, Thompson And Venkataraman-The Impact Of Regulation Fair Disclosure Trading Costs And .pdf",31,ok,True,True,needs_source_review
engle-and-lange-predicting-vnet-a-model-of-the-dynamics-of-market-depth,B,Engle And Lange-Predicting Vnet - A Model Of The Dynamics Of Market Depth.pdf,30,ok,True,True,needs_source_review
etheebookoftechnicalmarketindicators,B,Etheebookoftechnicalmarketindicators.pdf,49,ok,True,True,needs_source_review
evaluation-of-value-at-risk-models,B,Evaluation Of Value At Risk-Models.pdf,58,ok,True,True,needs_source_review
exchange-rules-for-the-frankfurt-stock-exchange,B,Exchange Rules For The Frankfurt Stock Exchange.pdf,61,ok,True,True,needs_source_review
exchange-traded-funds,B,Exchange-Traded-Funds.pdf,3,ok,True,True,needs_source_review
exploring-value-at-risk,B,Exploring_Value_at_Risk.pdf,10,ok,True,True,needs_source_review
ez-trade-forex,B,EZ Trade forex.pdf,67,ok,True,True,needs_source_review
fabozzi-2004-default-rates-on-structured-finance-securities,B,Fabozzi - 2004 - Default Rates on Structured Finance Securities.pdf,11,ok,True,True,needs_source_review
fairygoodtrader,B,FairyGoodTrader.pdf,29,ok,True,True,needs_source_review
fc-power-trading-course-forex-capital-markets-2003,B,Fc Power Trading Course -Forex Capital Markets- (2003).pdf,143,no_text,True,True,needs_source_review
fernando-commonality-in-liquidity-transmission-of-liquidity-shocks-across-investors-and-se,B,Fernando-Commonality In Liquidity-Transmission Of Liquidity Shocks Across Investors And Securitie.pdf,45,ok,True,True,needs_source_review
fi-lecture16-exotic-options-credit-derivatives,B,fi_lecture16_exotic_options_credit_derivatives.pdf,5,ok,True,True,needs_source_review
fibonaccimathinnature,B,FibonacciMathInNature.pdf,5,ok,True,True,needs_source_review
financial-market-trading-ebook-bollinger-john-a-cfa-cmt-market-master,B,[Financial Market Trading ebook] BOLLINGER John A. CFA_ CMT - Market Master.pdf,4,ok,True,True,needs_source_review
financial-times-series-tbx-ug,B,Financial_Times_Series_Tbx_UG.pdf,286,ok,True,True,needs_source_review
fine-tuning-your-money-management,B,fine-tuning-your-money-management.pdf,5,ok,True,True,needs_source_review
fixed-income-securities,B,fixed-income_securities.pdf,12,ok,True,True,needs_source_review
forex-education-seminar2,B,Forex_Education_seminar2.pdf,14,ok,True,True,needs_source_review
forex-for-everyone-learn-to-trade-the-forex-market-like-a-professional,B,Forex For Everyone - Learn To Trade The Forex Market Like A Professional.pdf,102,ok,True,True,reconcile_skip:no_text
forex-gladiator,B,Forex Gladiator.pdf,59,ok,True,True,needs_source_review
forex-intraday-pivots-trading-system-complete-system,B,Forex Intraday Pivots Trading System - Complete System.pdf,59,ok,True,True,needs_source_review
forex-manual-10-keys-to-successful-trading,B,FOREX Manual - 10 keys to successful trading.pdf,24,ok,True,True,needs_source_review
forex-manual-in-english,B,Forex Manual In English.pdf,141,ok,True,True,needs_source_review
forex-money-management,B,Forex-Money-Management.pdf,5,ok,True,True,needs_source_review
forex-mtpredictor-trading-course-part-1a,B,(FOREX) MTPredictor Trading Course - Part 1a.pdf,144,ok,True,True,needs_source_review
forex-nfa,B,forex-nfa.pdf,12,ok,True,True,needs_source_review
forex-report-predicting-price-movement,B,Forex Report - Predicting Price Movement.pdf,25,ok,True,True,needs_source_review
forex-report-when-totrade,B,Forex_Report_-_When_toTrade.pdf,6,ok,True,True,needs_source_review
forex-strategy,B,ForEx Strategy.pdf,11,ok,True,True,needs_source_review
forex-systems-research-practical-fibonacci-methods-for-forex-trading-2005,B,FOREX_Systems_Research_-_Practical_Fibonacci_Methods_For_Forex_Trading_2005.pdf,31,ok,True,True,needs_source_review
forex-trader-e-book,B,Forex_Trader_E-book.pdf,116,ok,True,True,needs_source_review
forex-trading-education,B,Forex Trading Education.pdf,2,ok,True,True,needs_source_review
forex-trading-is-challenging,B,Forex trading is Challenging.pdf,2,ok,True,True,needs_source_review
forex-trading-machine-ebook,B,Forex_Trading_Machine_eBook.pdf,184,ok,True,True,needs_source_review
forex-trading-with-candlestick-and-pattern-2,B,Forex_Trading_With_Candlestick_And_Pattern_2.pdf,33,ok,True,True,reconcile_skip:no_text
forexovereasy,B,Forexovereasy.pdf,2,ok,True,True,needs_source_review
foucault-and-kadan-limit-order-book-as-a-market-for-liquidity,B,Foucault And Kadan-Limit Order Book As A Market For Liquidity.pdf,59,ok,True,True,needs_source_review
foucault-and-lescourret-information-sharing-liquidity-and-transaction-costs-in-floor-based,B,"Foucault And Lescourret-Information Sharing, Liquidity And Transaction Costs In Floor-Based Tradi.pdf",43,ok,True,True,needs_source_review
foucault-kadan-and-kandel-limit-order-book-as-a-market-for-liquidity,B,"Foucault, Kadan And Kandel-Limit Order Book As A Market For Liquidity.pdf",65,ok,True,True,needs_source_review
fractal,B,fractal.pdf,171,ok,True,True,needs_source_review
fundamentalsoftradingplan,B,FundamentalsOfTradingPlan.pdf,3,ok,True,True,needs_source_review
fx-engines-predicting-price-action,B,FX Engines Predicting Price Action.pdf,25,ok,True,True,needs_source_review
fx-wizard,B,FX_Wizard.pdf,52,ok,True,True,needs_source_review
fxfutures,B,FXFutures.pdf,6,ok,True,True,needs_source_review
gann-w-d-1953-magic-words,B,"Gann, W.D. (1953)_Magic Words.pdf",91,ok,True,True,reconcile_skip:off_topic
general-observations-thoughts-on-trading-gbp,B,General_Observations___Thoughts_On_Trading_GBP.pdf,3,ok,True,True,needs_source_review
georgemuzea-the-vital-few-vs-the-trivial-many-invest-with-the-insiders-not-the-masses,B,GeorgeMuzea - The_Vital_Few_Vs_The_Trivial_Many_-_Invest_With_The_Insiders__Not_The_Masses_.pdf,227,ok,True,True,needs_source_review
gimmibar,B,gimmibar.pdf,5,ok,True,True,needs_source_review
giot-and-grammig-how-large-is-liquidity-risk-in-an-automated-auction-market,B,Giot And Grammig-How Large Is Liquidity Risk In An Automated Auction Market.pdf,32,ok,True,True,needs_source_review
giuciao-atspace-org-building-your-e-mini-trading-strategy,B,Giuciao Atspace Org-Building Your E-Mini Trading Strategy.pdf,121,ok,True,True,needs_source_review
glossary-of-forex-terms,B,Glossary-of-Forex-Terms.pdf,11,ok,True,True,needs_source_review
got-your-trading-style-figured-out,B,Got_Your_Trading_Style_Figured_Out.pdf,5,ok,True,True,needs_source_review
greatestmoneymakingsecret,B,GreatestMoneyMakingSecret.pdf,111,ok,True,True,reconcile_skip:off_topic
griffiths-turnbullb-and-white-re-examining-the-small-cap-myth-problems-in-portfolio-format,B,"Griffiths, Turnbullb And White-Re-Examining The Small-Cap Myth Problems In Portfolio Formation An.pdf",21,ok,True,True,needs_source_review
hamao-and-hasbrouck-securities-trading-in-the-absence-of-dealers-trades-and-quotes-on-the,B,"Hamao And Hasbrouck-Securities Trading In The Absence Of Dealers - Trades, And Quotes On The Toky.pdf",30,ok,True,True,needs_source_review
handbook-for-investment-committee-members-how-to-make-prudent-investments-for-your-organiz,B,Handbook For Investment Committee Members How To Make Prudent Investments For Your Organization Wiley Finance Series Ebook-Yyepg.pdf,178,ok,True,True,needs_source_review
harrison-waldron-mathematical-economics-and-finance,B,Harrison_ Waldron - Mathematical Economics and Finance.pdf,153,ok,True,True,needs_source_review
hartmann-manna-and-manzanares-the-microstructure-of-the-euro-money-market,B,"Hartmann, Manna And Manzanares-The Microstructure Of The Euro Money Market.pdf",54,ok,True,True,needs_source_review
hedge-fund-risk-factors-and-value-at-risk-of-credit-trading-strategies,B,Hedge Fund Risk Factors and Value at Risk of Credit Trading Strategies.pdf,63,ok,True,True,needs_source_review
hedges-on-hedge-funds-how-to-successfully-analyze-2005,B,Hedges On Hedge Funds How To Successfully Analyze (2005).pdf,258,ok,True,True,needs_source_review
hilda-system,B,Hilda System.pdf,6,ok,True,True,needs_source_review
historicaltesting,B,historicaltesting.pdf,6,ok,True,True,needs_source_review
hollifield-miller-sandas-and-slive-liquidity-supply-and-demand-in-limit-order-markets,B,"Hollifield, Miller, Sandas And Slive-Liquidity Supply And Demand In Limit Order Markets.pdf",55,ok,True,True,needs_source_review
how-effective-is-automated-forex-trading,B,How Effective is Automated Forex Trading.pdf,1,ok,True,True,needs_source_review
how-the-stock-market-works,B,How The Stock Market Works.pdf,15,ok,True,True,needs_source_review
i-guide-to-currency-trading-forex,B,I Guide To Currency Trading - Forex.pdf,45,ok,True,True,needs_source_review
impulsive-wave,B,Impulsive wave.pdf,1,ok,True,True,needs_source_review
inside-the-guru-mind-warren-buffet-r-heller,B,Inside The Guru Mind Warren Buffet [R  Heller].pdf,13,ok,True,True,needs_source_review
insurances-strategies,B,Insurances Strategies.pdf,1,ok,True,True,needs_source_review
intraday-trading-techniques,B,Intraday Trading Techniques.pdf,66,ok,True,True,needs_source_review
introduction-to-monte-carlo-methods,B,Introduction To Monte Carlo Methods.pdf,30,ok,True,True,needs_source_review
investing-strategies-for-the-high-net-worth-investor,B,Investing Strategies for the High Net-Worth Investor.pdf,321,ok,True,True,needs_source_review
investment-vehicles,B,Investment Vehicles.pdf,1,ok,True,True,reconcile_skip:no_text
ito-and-hashimoto-high-frequency-contagion-of-currency-crises-in-asia,B,Ito And Hashimoto-High-Frequency Contagion Of Currency Crises In Asia.pdf,55,ok,True,True,needs_source_review
j-k-lasser-pick-stocks-like-warren-buffett,B,J K  Lasser - Pick Stocks Like Warren Buffett.pdf,305,ok,True,True,needs_source_review
jake-bernstein-dearborn-trade-publishing-no-bull-investing,B,Jake Bernstein - Dearborn Trade Publishing - No Bull Investing.pdf,224,ok,True,True,needs_source_review
jake-bernstein-how-to-trade-the-new-single-stock-futures,B,Jake Bernstein - How To Trade The New Single Stock Futures.pdf,214,ok,True,True,needs_source_review
jamie-rogers-strategy-value-and-risk-the-real-options-approach,B,"Jamie Rogers - Strategy, Value And Risk-The Real Options Approach.pdf",156,ok,True,True,needs_source_review
jen-matshall-practical-fibonacci-methode-for-forex-trading,B,Jen Matshall -  Practical Fibonacci Methode For Forex Trading.pdf,31,ok,True,True,needs_source_review
jet-heat-mechanical-discretion,B,Jet Heat - Mechanical Discretion.pdf,44,ok,True,True,needs_source_review
joe-ross-how-to-spot-a-trend,B,Joe Ross - How To Spot A Trend.pdf,25,ok,True,True,needs_source_review
joerosstrading-manual-appendices-269-320,B,JoeRossTrading Manual_Appendices_269_320.pdf,52,ok,True,True,needs_source_review
joerosstrading-manual-intro-1-13,B,JoeRossTrading Manual Intro 1 13.pdf,13,ok,True,True,needs_source_review
john-allen-paulos-mathematician-plays-the-stock-market,B,John Allen Paulos - Mathematician Plays The Stock Market.pdf,221,ok,True,True,needs_source_review
john-hayden-how-to-use-the-rsi,B,John Hayden - How To Use The Rsi.pdf,11,ok,True,True,needs_source_review
john-l-person-swing-trading-using-candlestick-charting-with-pivot-point,B,John L Person - Swing Trading Using Candlestick Charting With Pivot Point.pdf,16,ok,True,True,needs_source_review
john-wiley-sons-stock-trader-almanac-2005-38th-ed,B,John Wiley Sons Stock Trader Almanac 2005 38th Ed.pdf,195,ok,True,True,needs_source_review
john-wiley-sons-valuation-maximizing-corporate-value,B,John Wiley Sons - Valuation - Maximizing Corporate Value.pdf,211,ok,True,True,needs_source_review
jorda-and-marcellino-modeling-high-frequency-fx-data-dynamics,B,Jorda And Marcellino-Modeling High-Frequency Fx Data Dynamics.pdf,32,ok,True,True,needs_source_review
jp-candlesticks,B,jp_candlesticks.pdf,10,ok,True,True,needs_source_review
kahneman-daniel-investor-psychology,B,Kahneman_ Daniel - Investor Psychology.pdf,22,ok,True,True,needs_source_review
kellybetting,B,kellybetting.pdf,10,ok,True,True,needs_source_review
kiesel-financial-mathematics,B,Kiesel_ Financial mathematics.pdf,142,ok,True,True,needs_source_review
krugman-hedge-funds,B,krugman_hedge_funds.pdf,2,ok,True,True,needs_source_review
latest-developments-at-the-fwb-xetra-best-slide-13,B,Latest Developments At The Fwb - Xetra Best Slide 13.pdf,21,ok,True,True,needs_source_review
learning-to-trade,B,Learning-to-Trade.pdf,11,ok,True,True,needs_source_review
lecture-notes-in-mathematical-finance-lin-1996,B,Lecture Notes In Mathematical Finance (Lin_1996).pdf,114,ok,True,True,needs_source_review
lee-fok-and-liu-explaining-intraday-pattern-of-trading-volume-from-the-order-flow-data,B,"Lee, Fok And Liu - Explaining Intraday Pattern Of Trading Volume From The Order Flow Data.pdf",32,ok,True,True,needs_source_review
letting-your-profits-run,B,Letting Your Profits Run.pdf,3,ok,True,True,needs_source_review
liquidity-in-forex-markets,B,Liquidity in Forex Markets.pdf,14,ok,True,True,needs_source_review
lss-3-day-cycle-method,B,lss_3_day_cycle_method.pdf,14,ok,True,True,needs_source_review
macd,B,MACD.pdf,3,ok,True,True,needs_source_review
madhavan-market-microstructure-a-survey,B,Madhavan-Market Microstructure-A Survey.pdf,54,ok,True,True,needs_source_review
managed-forex-trading-software,B,Managed Forex Trading Software.pdf,2,ok,True,True,needs_source_review
managing-credit-risk-with-credit-and-macro-derivatives,B,Managing Credit Risk With Credit And Macro Derivatives.pdf,21,ok,True,True,needs_source_review
managing-your-money,B,Managing_your_money.pdf,6,ok,True,True,needs_source_review
mann-venkataraman-and-waisburd-stock-liquidity-and-the-value-of-a-designated-liquidity-pro,B,"Mann, Venkataraman And Waisburd-Stock Liquidity And The Value Of A Designated Liquidity Provider Evidence From Paris Euronext.pdf",30,ok,True,True,needs_source_review
marcel-petro-market-timing,B,Marcel Petro - Market Timing.pdf,58,ok,True,True,needs_source_review
market-movement,B,Market_Movement.pdf,10,ok,True,True,needs_source_review
marketwise-trading-school-options-trading-primer,B,Marketwise Trading School - Options Trading Primer .pdf,61,ok,True,True,needs_source_review
markus-heitkoetter-how-to-make-money-with-trading-systems,B,Markus Heitkoetter - How To Make Money With Trading Systems.pdf,28,ok,True,True,needs_source_review
martinez-jared-the-10-keys-to-successful-trading-not-complete,B,Martinez_ Jared - The 10 Keys to Successful Trading (not complete).pdf,24,ok,True,True,needs_source_review
maximizing-gains-with-trade-management,B,Maximizing Gains With Trade Management.pdf,11,ok,True,True,needs_source_review
mcgraw-hill-how-to-read-a-financial-statement,B,McGraw-Hill - How to Read a Financial Statement.pdf,192,ok,True,True,needs_source_review
mcgraw-hill-stock-options-and-the-new-rules,B,Mcgraw-Hill - Stock options and the new rules.pdf,226,ok,True,True,needs_source_review
mcgraw-hill-understanding-stocks,B,Mcgraw Hill - Understanding Stocks.pdf,210,ok,True,True,needs_source_review
mcmillan-and-speight-nonlinear-dynamics-in-high-frequency-intra-day-financial-data,B,Mcmillan And Speight-Nonlinear Dynamics In High Frequency Intra-Day Financial Data.pdf,30,ok,True,True,needs_source_review
metastock-chart-patterns-tutorial,B,Metastock_Chart_Patterns_Tutorial.pdf,12,ok,True,True,needs_source_review
michael-panzner-the-new-laws-of-the-stock-market-jungle,B,Michael Panzner - The New Laws of the Stock Market Jungle.pdf,316,ok,True,True,needs_source_review
michael-sheimo-stock-market-rules,B,Michael Sheimo - Stock Market Rules.pdf,240,no_text,True,True,needs_source_review
mindset-of-millionaire-traders,B,Mindset_of_Millionaire_Traders.pdf,5,ok,True,True,needs_source_review
miracle-of-discipline,B,Miracle_of_Discipline.pdf,10,ok,True,True,needs_source_review
mmts-2-0,B,MMTS 2.0.pdf,130,ok,True,True,needs_source_review
money-management-for-gambler,B,money_management_for_gambler.pdf,0,no_text,True,False,needs_source_review
money-management-risk-control-for-traders,B,Money Management Risk Control For Traders.pdf,11,ok,True,True,needs_source_review
money-management1,B,money-management1.pdf,17,no_text,True,True,needs_source_review
money-manager-trading-strategy,B,Money_Manager_Trading_Strategy.pdf,3,ok,True,True,needs_source_review
moriarty-sfsg,B,Moriarty Sfsg.pdf,1,ok,True,True,reconcile_skip:off_topic
morris-and-song-shin-liquidity-black-holes,B,Morris And Song Shin-Liquidity Black Holes.pdf,28,ok,True,True,needs_source_review
mostmarketmoving08-09-06,B,MostMarketMoving08.09.06.pdf,3,ok,True,True,needs_source_review
mql-4-metatrader-4-development-course,B,Mql 4- Metatrader 4 Development Course.pdf,258,ok,True,True,needs_source_review
mulitple-patterns-and-time-periods,B,Mulitple_Patterns_and_Time_Periods.pdf,3,ok,True,True,needs_source_review
nasdaq-education-foundation-a-guide-to-u-s-stock-markets-eng,B,Nasdaq Education Foundation - A Guide to U.S. Stock Markets(eng) .pdf,24,ok,True,True,needs_source_review
nfp,B,NFP.pdf,15,ok,True,True,needs_source_review
nicktrader-on-no-price-trading,B,nicktrader_on_no_price_trading.pdf,12,ok,True,True,needs_source_review
norman-frumkin-guide-to-economic-indicators,B,Norman Frumkin - Guide to Economic Indicators.pdf,305,ok,True,True,needs_source_review
oh-crap-free,B,oh_crap_free.pdf,5,ok,True,True,needs_source_review
online-trading-academy-electronic-trading-guide-for-nasdaq-l2-9908-2,B,Online Trading Academy - Electronic Trading Guide For Nasdaq L2(9908)_2.pdf,119,ok,True,True,needs_source_review
parlour-and-seppi-liquidity-based-competition-for-order-flow,B,Parlour And Seppi-Liquidity-Based Competition For Order Flow.pdf,43,ok,True,True,needs_source_review
peaks-and-troughs-pring,B,Peaks_and_Troughs_Pring.pdf,5,ok,True,True,needs_source_review
personal-trading-behaviour,B,Personal_Trading_Behaviour.pdf,5,ok,True,True,needs_source_review
phoenix-2007-how-to-optimize-phoenix,B,Phoenix-2007-How-To-Optimize-phoenix.pdf,10,ok,True,True,needs_source_review
pis-fsg,B,Pis Fsg.pdf,6,ok,True,True,needs_source_review
pivots,B,Pivots.pdf,5,ok,True,True,needs_source_review
place-of-insurance,B,Place Of Insurance.pdf,1,ok,True,True,reconcile_skip:no_text
plan-process,B,Plan Process.pdf,1,ok,True,True,reconcile_skip:off_topic
portfolio-risk-reduction,B,Portfolio Risk Reduction.pdf,5,ok,True,True,needs_source_review
position-sizing,B,position_sizing.pdf,29,ok,True,True,needs_source_review
practicalew,B,PracticalEW.pdf,47,ok,True,True,needs_source_review
pristine-s-cardinal-rules-of-trading,B,Pristine's Cardinal Rules Of Trading.pdf,44,ok,True,True,needs_source_review
prob-tables-article,B,prob tables article.pdf,5,ok,True,True,needs_source_review
profitfromprices,B,profitfromprices.pdf,182,ok,True,True,needs_source_review
prospect-theory,B,Prospect Theory.pdf,6,ok,True,True,needs_source_review
putting-it-all-together,B,Putting_it_all_together.pdf,5,ok,True,True,needs_source_review
r-imperiale-the-micro-cap-investor-strategies-for-making-big-returns-in-small-companies,B,R Imperiale - The Micro Cap Investor - Strategies For Making Big Returns In Small Companies.pdf,209,ok,True,True,needs_source_review
realtime-forex,B,Realtime_Forex.pdf,117,ok,True,True,needs_source_review
resource-stocks-in-portfolio,B,Resource Stocks In Portfolio.pdf,3,ok,True,True,needs_source_review
rich-dad-poor-dad-by-robert-t-kiyosaki,B,Rich Dad_ Poor Dad by Robert T. Kiyosaki.pdf,130,ok,True,True,needs_source_review
risk-reward-margin,B,risk-reward-margin.pdf,5,ok,True,True,needs_source_review
robert-slater-soros-unauthorized-biography,B,Robert Slater - Soros Unauthorized Biography.pdf,261,ok,True,True,needs_source_review
s-a-mccrary-hedge-fund-course,B,S A Mccrary - Hedge Fund Course.pdf,305,ok,True,True,needs_source_review
secrets-of-the-millionaire-traders-vol-i,B,Secrets Of The Millionaire Traders Vol I.pdf,27,ok,True,True,needs_source_review
sharon-saltzgiver-wright-getting-started-in-bonds-2nd-edition,B,Sharon Saltzgiver Wright - Getting_Started_In_Bonds_2nd_Edition.pdf,306,ok,True,True,needs_source_review
sharpeningskills,B,SharpeningSkills.pdf,24,ok,True,True,needs_source_review
sidus-method,B,Sidus Method.pdf,3,ok,True,True,needs_source_review
signalselection,B,signalselection.pdf,6,ok,True,True,needs_source_review
singlestockfutures,B,SingleStockFutures.pdf,168,ok,True,True,needs_source_review
six-forces-of-forex,B,Six Forces of Forex.pdf,15,ok,True,True,needs_source_review
sm-momentum-investing-screening-for,B,(sm) Momentum Investing - Screening for.pdf,5,ok,True,True,needs_source_review
staying-out-of-trouble-trading-currencies-with-channels,B,Staying Out Of Trouble Trading Currencies With Channels.pdf,28,no_text,True,True,needs_source_review
stock-market-rules-50-of-the-most-widely-held-investment-axioms-explained-examined-and-exp,B,"Stock Market Rules - 50 of the Most Widely Held Investment Axioms Explained, Examined, and Exposed.2005.pdf",240,ok,True,True,needs_source_review
stops,B,stops.pdf,11,ok,True,True,needs_source_review
sundial-system,B,Sundial System.pdf,43,ok,True,True,needs_source_review
super-combo-day-trading-strategy,B,Super_Combo_Day_Trading_Strategy.pdf,15,ok,True,True,needs_source_review
supply-demand,B,supply_demand.pdf,41,ok,True,True,needs_source_review
t2w-trading-plan-template-2005-asb,B,T2W_Trading_Plan_Template_2005-asb.pdf,29,ok,True,True,needs_source_review
take-the-money-and-run,B,Take The Money and Run.pdf,14,ok,True,True,needs_source_review
td-sequential,B,TD_Sequential.pdf,6,ok,True,True,needs_source_review
tfefuturecourse,B,tfefuturecourse.pdf,191,ok,True,True,needs_source_review
the-1hr-tunnel-method,B,THE 1HR TUNNEL METHOD.pdf,11,ok,True,True,needs_source_review
the-boomerang,B,The Boomerang.pdf,14,ok,True,True,needs_source_review
the-equity-options-strategy-guide,B,The Equity Options Strategy Guide.pdf,32,ok,True,True,needs_source_review
the-forex-market-phenomena,B,The Forex Market Phenomena.pdf,52,ok,True,True,needs_source_review
the-forex-method-and-trading-strategies-that-keep-you-on-the-right-side-of-the-market,B,The Forex Method and Trading Strategies That Keep You On The Right Side Of The Market.pdf,9,ok,True,True,reconcile_skip:off_topic
the-interaction-between-the-frequency-of-market-quotes-spread-and-volatility-in-forex,B,The Interaction Between The Frequency Of Market Quotes Spread And Volatility In Forex.pdf,10,ok,True,True,needs_source_review
the-magic-of-forex-trading,B,The magic of Forex trading.pdf,10,ok,True,True,needs_source_review
the-market-as-mass-mind,B,The_Market_as_Mass_Mind.pdf,3,ok,True,True,needs_source_review
the-nyse-tick-index-and-candlesticks,B,the-nyse-tick-index-and-candlesticks.pdf,11,ok,True,True,needs_source_review
the-outsider-method,B,The Outsider Method.pdf,2,ok,True,True,needs_source_review
the-penny-stock-trading-sysyem,B,The Penny Stock Trading Sysyem.pdf,214,ok,True,True,needs_source_review
the-secret-to-selecting-automated-trading-software,B,The Secret To Selecting Automated Trading Software.pdf,2,ok,True,True,needs_source_review
the-stock-market-for-dummies,B,The Stock Market For Dummies.pdf,2,ok,True,True,needs_source_review
the-superstock-investor-profiting-from-wall-streets-best-undervalued-companies,B,The Superstock Investor - Profiting From Wall Streets Best Undervalued Companies.pdf,314,ok,True,True,needs_source_review
thermostat-trading-strategy,B,Thermostat_Trading_Strategy.pdf,7,ok,True,True,reconcile_skip:duplicate
thomas-and-patnaik-serial-correlation-in-high-frequency-data-and-the-link-with-liquidity,B,Thomas And Patnaik-Serial Correlation In High-Frequency Data And The Link With Liquidity.pdf,26,ok,True,True,needs_source_review
trade-easy-with-an-automated-forex-trading-system,B,Trade Easy with an Automated Forex Trading System.pdf,2,ok,True,True,needs_source_review
traders-trick-entry,B,Traders_Trick_Entry.pdf,57,ok,True,True,needs_source_review
trading-functions,B,Trading functions.pdf,21,ok,True,True,reconcile_skip:off_topic
trading-psychology,B,Trading Psychology.pdf,2,ok,True,True,needs_source_review
trend-determination,B,Trend_Determination.pdf,11,ok,True,True,needs_source_review
trend-vs-no-trend,B,Trend_vs_no_trend.pdf,3,ok,True,True,needs_source_review
triangletradingmethod,B,TriangleTradingMethod.pdf,14,ok,True,True,needs_source_review
turtles-matter,B,turtles-matter.pdf,2,ok,True,True,needs_source_review
tyler-bollhorn-market-perspectives,B,Tyler Bollhorn - Market Perspectives.pdf,62,ok,True,True,needs_source_review
u-s-key-economic-indica,B,U.S._KEY_ECONOMIC_INDICA.pdf,24,ok,True,True,needs_source_review
understanding-forex-candlestick,B,Understanding Forex Candlestick.pdf,14,ok,True,True,needs_source_review
using-neural-networks-and-genetic-algorithms-to-predict-stock-market-returns,B,Using Neural Networks and Genetic Algorithms to Predict Stock Market Returns.pdf,166,ok,True,True,needs_source_review
using-up-gaps-to-anticipate-upward-price-moves,B,Using Up Gaps To Anticipate Upward Price Moves.pdf,3,ok,True,True,needs_source_review
using-volatility-in-option-tradingpart-1,B,Using volatility in Option Tradingpart 1.pdf,3,ok,True,True,needs_source_review
usingprocessresults,B,UsingProcessResults.pdf,3,ok,True,True,needs_source_review
valuation-of-cash-flows-investment-decisions-capital-bud,B,Valuation Of Cash Flows Investment Decisions Capital Bud.pdf,32,ok,True,True,needs_source_review
van-tharp-stop-worrying-yourself-out-of-profits,B,Van Tharp - Stop Worrying Yourself out of Profits.pdf,5,ok,True,True,needs_source_review
van-tharp-the-flow-of-the-markets,B,Van-Tharp - The Flow of the Markets.pdf,2,ok,True,True,needs_source_review
vanessafx-advanced-systems,B,VanessaFX_Advanced_Systems.pdf,25,ok,True,True,needs_source_review
version9i,B,Version9i.PDF,16,ok,True,True,needs_source_review
vladimir-daragan-how-to-win-the-stock-market-game,B,Vladimir Daragan - How_to_Win_the_Stock_Market_Game.pdf,57,ok,True,True,needs_source_review
volatility,B,Volatility.pdf,4,ok,True,True,needs_source_review
volatility-part-2,B,volatility part 2.pdf,3,ok,True,True,needs_source_review
wayne-a-thorp-measuring-internal-strength-wilders-rsi-indicator,B,Wayne A. Thorp - Measuring Internal Strength - Wilders RSI Indicator.pdf,5,ok,True,True,needs_source_review
wayne-a-thorp-testing-trading-success,B,Wayne A. Thorp - Testing Trading Success.pdf,5,ok,True,True,needs_source_review
wayne-a-thorp-the-macd-a-combo-of-indicators-for-the-best-of-both-worlds,B,Wayne A. Thorp - The MACD A Combo of Indicators for the Best of Both Worlds.pdf,5,ok,True,True,needs_source_review
wayne-gorman-how-you-can-identify-turning-points-using-fibonacci,B,Wayne Gorman - How You Can Identify Turning Points Using Fibonacci.pdf,42,ok,True,True,needs_source_review
what-moves-the-currency-market,B,What moves the currency market.pdf,3,ok,True,True,needs_source_review
wiley-trading-study-guide-for-come-into-my-trading-room-a-complete-guide-to-trading-2002-i,B,"Wiley Trading, Study Guide For Come Into My Trading Room - A Complete Guide To Trading [2002 Isbn0471225401].pdf",210,ok,True,True,needs_source_review
william-n-goetzmann-fibonacci-and-the-financial-revolution,B,William N. Goetzmann - Fibonacci and the Financial Revolution.pdf,44,ok,True,True,needs_source_review
williams-undeclared-stockmarket-secrets,B,Williams - Undeclared Stockmarket Secrets.pdf,129,ok,True,True,needs_source_review
wolfe-waves,B,Wolfe Waves.pdf,6,ok,True,True,needs_source_review
xavier-gabaix-a-theory-of-large-fluctuations-in-stock-market,B,Xavier Gabaix -  A Theory of Large Fluctuations in Stock Market.pdf,52,ok,True,True,needs_source_review
xetraxxl-marketmodel,B,Xetraxxl Marketmodel.pdf,12,ok,True,True,needs_source_review
your-trading-plan,B,Your_trading_plan.pdf,7,ok,True,True,needs_source_review
